MaNhanVien,Tennhanvien,gioitinh,diachi,sodienthoat,ngaysinh
1000,Genna,Podgorica,Ürümqi,100000000,2002-07-26
1001,Croix,Rochester,Funafuti,100000000,2002-12-06
1002,Stefa,Quezon City,Jakarta,100000000,2003-01-09
1003,Orelee,Paris,Nanning,100000000,2003-03-21
1004,Brittani,Tampere,Dresden,100000000,2000-05-11
1005,Dosia,Puerto Williams,Murmansk,100000000,2003-01-07
1006,Lia,Praia,Calgary,100000000,2002-07-08
1007,Hutchison,Tabriz,Pittsburgh,100000000,2003-11-29
1008,Raychel,Cardiff,Monterrey,100000000,2003-05-04
1009,Fry,Vladivostok,Mecca,100000000,2000-05-18
1010,Colleen,Abuja,Salt Lake City,100000000,2000-12-29
1011,Gaulin,Naypyidaw,Lomé,100000000,2001-05-03
1012,Chick,Abuja,Sitka,100000000,2000-03-04
1013,Artie,Serekunda,Mumbai,100000000,2002-08-27
1014,Morgun,Leipzig,Cartagena,100000000,2000-10-02
1015,Klemperer,Kharkiv,City of Halifax,100000000,2001-12-05
1016,Standing,Aarhus,Riyadh,100000000,2003-04-30
1017,Karl,Campinas,Baltimore,100000000,2000-06-17
1018,Niccolo,Columbus,Papeete,100000000,2002-12-27
1019,Euridice,Bucharest,Bangkok,100000000,2003-05-23
1020,Cyrie,Dili,Rabat,100000000,2003-04-26
1021,Fiester,Austin,Graz,100000000,2003-03-20
1022,Chem,Rabat,Innsbruck,100000000,2000-05-04
1023,Kesley,Pune,Kathmandu,100000000,2002-12-09
1024,Saunderson,Ibiza,Chaguanas,100000000,2003-03-19
1025,Thilda,Phuket (city),Barranquilla,100000000,2000-09-08
1026,Aloise,Lima,Hilo,100000000,2001-06-09
1027,Frodi,Jeddah,Addis Ababa,100000000,2002-09-07
1028,Alcott,Islamabad,Manchester,100000000,2000-12-27
1029,Pettiford,Bratislava,Hamilton,100000000,2001-06-14
1030,Joeann,Geneva,Hagåtña,100000000,2001-09-18
1031,Isidore,Papeete,Cayenne,100000000,2000-12-20
1032,Saree,Castries,Wellington,100000000,2000-07-02
1033,Fennessy,Denpasar,Zhengzhou,100000000,2001-08-29
1034,Goode,Basse-Terre,Cleveland,100000000,2000-05-19
1035,Rhu,Puerto Williams,Huế,100000000,2000-05-21
1036,Evvie,Tel Aviv,Johor Bahru,100000000,2001-10-07
1037,Terrence,Yangon,Ciudad del Este,100000000,2000-11-06
1038,Stuart,Port Louis,Linz,100000000,2003-02-22
1039,Bultman,Tallinn,Ponta Delgada,100000000,2002-04-06
1040,Thema,Boston,San Antonio,100000000,2001-08-06
1041,Presber,Valparaíso,Thiès,100000000,2002-05-12
1042,Berne,Marrakech,Minneapolis,100000000,2001-12-23
1043,Screens,Vancouver,Medan,100000000,2001-10-27
1044,Alejoa,Harbin,Belgrade,100000000,2003-05-07
1045,Henebry,Bursa,Dodoma,100000000,2002-02-01
1046,Truc,Wonsan,Bogor,100000000,2001-07-26
1047,Haymes,Longyearbyen,Porto Alegre,100000000,2002-05-11
1048,Anastatius,Tampa,Nukus,100000000,2003-12-21
1049,Elo,Mamoudzou,Nukus,100000000,2002-10-19
1050,Norrie,Munich,Kuwait City,100000000,2001-09-14
1051,Dannye,Berlin,Taiyuan,100000000,2002-05-25
1052,Ivens,Port of Spain,Detroit,100000000,2002-08-13
1053,Roscoe,Ahmedabad,Kuwait City,100000000,2000-09-10
1054,Harl,Gdańsk,Papeete,100000000,2001-09-21
1055,Christal,Pontianak,Brussels,100000000,2003-02-02
1056,Roarke,Kyoto,Recife,100000000,2000-12-13
1057,Aldric,Kaesong,Kandy,100000000,2000-05-11
1058,Toor,Ponta Delgada,Bridgetown,100000000,2001-11-12
1059,Hortensia,Anchorage,Maseru,100000000,2002-01-18
1060,Brady,Manchester,Rabi Island,100000000,2002-05-24
1061,Thunell,Darwin,Monterrey,100000000,2000-02-23
1062,Rudolph,Bujumbura,Tashkent,100000000,2003-12-27
1063,Pond,Turin,Milan,100000000,2001-05-11
1064,Trinetta,Roseau,Muscat,100000000,2000-06-05
1065,Faso,Barranquilla,Split (city),100000000,2000-01-16
1066,Mayeda,Louisville,Gaborone,100000000,2003-04-09
1067,Thilda,Leipzig,Bandar Seri Begawan,100000000,2001-05-11
1068,Graig,Iloilo City,Oslo,100000000,2000-09-06
1069,Fredi,Antofagasta,Tashkent,100000000,2003-11-30
1070,Barney,St. Louis,Warsaw,100000000,2003-01-13
1071,Hull,Columbus,Dhaka,100000000,2003-01-11
1072,Sperling,Abuja,Nantes,100000000,2002-10-24
1073,Borrell,Pattaya,Ambon,100000000,2003-04-26
1074,Haerr,Palikir,Antananarivo,100000000,2002-08-30
1075,Fabiola,Leeds,Port Blair,100000000,2000-12-28
1076,Stacy,Udon Thani,Brikama,100000000,2000-06-13
1077,Martguerita,Kobe,Brikama,100000000,2003-03-14
1078,Cherianne,Saipan,Brikama,100000000,2002-11-13
1079,Corilla,Ponta Delgada,Tirana,100000000,2002-10-18
1080,Bandeen,Ibadan,Dalian,100000000,2003-04-22
1081,Philoo,Semarang,Tallinn,100000000,2003-05-30
1082,Verger,Denpasar,Zapopan,100000000,2002-02-09
1083,O'Rourke,Tartu,Fukuoka,100000000,2001-07-17
1084,Lindemann,Greenwich,Maputo,100000000,2003-02-09
1085,Fancie,Mecca,Busan,100000000,2003-08-10
1086,Vittoria,Hagåtña,Kinshasa,100000000,2003-04-06
1087,Roxanna,Lubumbashi,Montreal,100000000,2002-03-09
1088,Bebe,Thimphu,Málaga,100000000,2002-04-18
1089,Seumas,Monaco,Mendoza,100000000,2000-10-18
1090,Marlie,Bogotá,Miri,100000000,2000-10-25
1091,Presber,Vitória,Asmara,100000000,2001-04-27
1092,Fiann,Glasgow,Rochester,100000000,2002-07-14
1093,Brenn,Naypyidaw,Nouakchott,100000000,2003-10-14
1094,Rooney,Mecca,Athens,100000000,2003-05-23
1095,Wolfgram,Nagpur,Ottawa,100000000,2003-08-05
1096,LaRue,Xining,Zanzibar City,100000000,2003-03-28
1097,Dannye,Accra,Mbabane,100000000,2001-09-11
1098,Baudin,Salt Lake City,Peshawar,100000000,2001-10-14
1099,Pernick,Dar es Salaam,Ahmedabad,100000000,2001-07-07